text,label
"@BrunoLMKI a√≠ bruninho, minha tia √© fdp dms, mulherzinha t√≥xica do k7",1.0
"@fernandoulrich @paulouebel @salimmattarBR Fa√ßo minhas as suas palavras.
Obrigado.
Preste aten√ß√£o na Economia Liberal prometida durante s campanha Pr. @jairbolsonaro , o povo confia em Paulo Guedes onde repousa a esperan√ßa de um Brasil de primeiro mundo.
Presidente, n√£o nos decepcione.",0.0
@hellenrms_ fico feliz em saber disso mulherzinha https://t.co/Yd8TPSJ4V0,0.0
@cacabrasileira @miriamleitao Pensa nunha mulherzinha de 5¬∞ categoria,1.0
"O pensamento Racismo emaranhado no pa√≠s colonizador que est√° em todas brechar e fissuras da sociedade exploradora , tens os ""bem intencionados"" , senhora morelos que s√≥ legitimam isso e muitos se acham ""libertos"" mas s√£o mais dentro da roda de üêπ",0.0
@idkwhores @danidqn @Valle_Nada @gatuchris Guria a mulher dan√ßa tri bem olha ali,0.0
"@Yuusuukkee O isl√£ permite ter 4 esposas e bater em todas.
Claramente uma religi√£o que apoia o feminismo.",1.0
acho que eu esque√ßo que eu j√° sou adulta e respons√°vel e n√£o √© s√≥ brincar cas cria KKKKKKKK,0.0
"@OTaaaalDoArthur sim. mas √© gostoso ver essa galera se fudendo. ""ain vou ter que pagar 400 reais no free pass""  ""ain colocaram personagem feminina no meu joguinho""",0.0
"@cravitys N√£o faz sentido mesmo kk
Tava falando tipo o de steanear idol evang√©lico: sei que ele vai ser homof√≥bico
Se uma idol √© abertamnte feminista, altas chances de ser radfem
Mas a pessoa viajou que idol homem vai apoiar, coreano acredita em direito dos homens pra combater feminismo",0.0
@mari_fonseca mo√ßa mas quais as raz√µes pra n√£o fazer check-up? √© de gra√ßa pelo SUS e quem tem plano de sa√∫de tem direito de fazer tamb√©m. √© uma forma de analisar como andam as taxas e √© algo t√£o r√°pido e simples. n√£o vejo motivos pra n√£o fazer,0.0
@terrestre_jam Esperava mais da senhora Oh ü•∫,0.0
@winslet75x esposa gostosa,1.0
"@alissecampos Fala na minha cara logo rapariga, N√ÉO GOSTO DE VOC√ä ACHO VOC√ä INCOERENTE SIM",0.0
@gleisi O mulherzinha sem express√£o e sem voz. Ningu√©m acredita mais nesse papinho de voc√™s. Sabe quem realmente queremos fora? O PT e toda sua turma! #PTNuncaMais #OPovoElegeuBolsonaro,1.0
"@PMESP J√° o Sargento PM BRAND√ÉO continua cego, apos denunciar o Oficial PM Edson Mariano de Oliveira da Corregedoria PM SP por envolvimento de rapto e estupro de menina e ass√©dio sexual contra policial feminina.",0.0
@Neckzz_ff @JehuCoffee @FreeFireBR essa camisa feminina de time parei de usar pq n√£o esconde colete üòî,0.0
"@JaguarJedi @folkloremilia Na verdade elas est√£o sendo femistas e n√£o feministas, s√£o coisas bem diferentes, e o feminismo faz algo sim, mas √© aquilo de pessoas ruins tornarem algo bom em ruim tbm",0.0
@BiaEpronto Meu dedo co√ßa p marca a mo√ßa üòÇüòÇüòÇüòÇ,0.0
"@igoratnight nossa senhora vai tomar hate √© de mim, que trem fei",0.0
@byjeonjun @seokjindancer Imagina se faz da mixtape prometida do Jungkook?????,0.0
@idario54 Que mulherao √© a negra li.,0.0
"@maria_ritaaa_ t√¥ devendo nd,nois vai dividir o valor rapariga",0.0
"@shivielez siiim! ela tem uma beleza natural fora do comum e s√≥ desabrochou nos √∫ltimos anos, ta ficando muito mulher√£o",0.0
"de quebra vai me assistir valorizando a ind√∫stria nacional com adulto ney + o futebol bem jogado da Atalanta + cereja do bolo: ver eu e meus pais sofrendo que esse time horror√≠vel do Fluminense
essa mulher n√£o poderia ter escolhido dia melhor pra vir que mulher√£o da porra",0.0
